header	seq	length	prediction
ANAH02000014.1.region001.gbk_1	RCVRCHAREHMRTSHRVAGRRRS	23	0
ANAH02000014.1.region001.gbk_2	EQVNPSFRGCPAGK	14	0
ANAH02000014.1.region001.gbk_3	NERHPTQGPGKTPGCPASDHSEGGNCPGREGPPP	34	0
ANAH02000066.1.region002.gbk_1	AGVNASCGWSSCNRTN	16	1
ANAH02000066.1.region002.gbk_2	NCDCSATITPPSNPFEEQ	18	0
ANAH02000066.1.region002.gbk_3	PSTLGGRQPHAPSAPALSLHRSSLRRQVASLEFFDTLSGLPQANCQFLLIERLRRGA	57	0
ANAH02000066.1.region002.gbk_4	TTARSLCTCALPPQVFSSPPGRIARILRHPLRPTASKLPIPSH	43	1
CP022098.1.region007.gbk_1	YKYNRRQKQWMSWWGAGSGGVHFRQGMDLECADEHRCGCFVGMLWPAWCV	50	0
CP022098.1.region007.gbk_2	HPRTEHFKEDIIQAFYDGIKHKPRTTFGNVKADVIADKEPLFIRGNFCRVIRESAWRG	58	1
CP022098.1.region007.gbk_3	PAGIVELSDEALDSLLSGGKQVSSCCWESC	30	0
CP022098.1.region007.gbk_4	TRRNGSSPVKSTECSSQFPIFDLISTEAP	29	0
CP022098.1.region007.gbk_5	VVEAGSFSAAARALVMNSGALRGLPTPCTQANARSNKTKPFRKDDRPAGI	50	0
CP022098.1.region007.gbk_6	LSPDRWRKRRHLAARSRRCWPCGW	24	0
CP022098.1.region007.gbk_7	TCPD	4	0
CP022098.1.region039.gbk_1	EGWHECCTGSGSFHPPRMVPTAGE	24	0
CP022098.1.region039.gbk_2	WKDPDPVQHSCHPSPPRTHERPILRLFQDVFQGVSRKPFTLRTSSQALTGL	51	0
CP022098.1.region039.gbk_3	GILEPTSAYCTPCPPKYCY	19	0
CP022098.1.region039.gbk_4	CVILPIWEFWCPRGGRS	17	0
CP043492.1.region010.gbk_1	LGLWATAAWRSTPCSLAPGVGVAARARPTSTELSSSSVTSWKNSSG	46	0
CP043492.1.region010.gbk_2	YWGSAGMGSQLLVCPTWHQSADQLFPITSTGCAPHLFERAKRR	43	0
CP043492.1.region010.gbk_3	LSKRCGAHPVDVMGKS	16	0
CP043492.1.region010.gbk_4	PERGGARVRSLESCRRD	17	0
CP043492.1.region010.gbk_5	TSC	3	0
CP043492.1.region010.gbk_6	ASGLGTPYRLPAAGPSTWRPAPASRPRVRWRARGRDRVRTSASSRSPCAA	50	0
CP043492.1.region010.gbk_7	PSGGSRSYARRASCIRFARFLPEEPVW	27	0
MPIN01000015.1.region001.gbk_1	RASTPDLASNAVHCRTET	18	0
MPIN01000015.1.region001.gbk_2	CADSGLVLLPSWPR	14	0
MPIN01000015.1.region001.gbk_3	EGRSTRSKACDRSSRQWWDARGVPAHLQPRLQSH	34	0
CP043491.1.region025.gbk_1	GGQEATASNVSLVNCEASSSLSLLLC	26	0
CP043491.1.region007.gbk_1	RDTRGHQGLGDCMQPTRPHPACRQGEEATERGPSENGTDE	40	0
CP043491.1.region007.gbk_2	LSKKVWCAPGGCDGKS	16	1
CP043491.1.region007.gbk_3	WSLALGSPPFCSLKKGVVRTRWM	23	0
CP043491.1.region007.gbk_4	PERGGARARSLESCRRD	17	0
CP043491.1.region007.gbk_5	QQDSGTGIAAPCYLCQCLAGGGGADGRLRR	30	0
CP043491.1.region007.gbk_6	TSC	3	0
CP043491.1.region007.gbk_7	HRRWAGRGRCGAVTCKGVGRIDSPTSRDRAAGPRLPQ	37	0
CP043491.1.region007.gbk_8	ARHTASHPVSSSAAPSGRCHVGTMAVAAKRSVLMP	35	0
CP043491.1.region007.gbk_9	PSGGSRSYARRASCIRFARVLPKEPVW	27	0
MPIN01000009.1.region002.gbk_1	TDGGQEQAPSNLSLIGECSSGLSLLLC	27	0
CP043492.1.region037.gbk_1	TRSTARCFCTSSSTCTVSGACPHRASRPGKVWW	33	1
CP043492.1.region037.gbk_2	QALSTSCGPVLTLSSGCYIKLDLDEPYVEALTYAAPSSAVIRRSGGPPGSPLP	53	0
CP043492.1.region037.gbk_3	SCGDSRVCVGDCCADGV	17	1
ANAH02000064.1.region003.gbk_1	ADGGQEPAASNISLVDCEMGSGLSLLLC	28	0
CP043492.1.region031.gbk_1	AGQEATASNLSLLDCEASSGVSLLLC	26	0
